Accident_Id;jour;mois;an;hrmn;lum;dep;com;agg;int;atm;col;adr;lat;long
202200000212;9;8;2022;15:55;1;29;29020;1;1;1;6;N165;48,1038080910; -4,0305302350
202200000213;9;8;2022;19:39;1;22;22020;1;1;1;7;RN12;48,3128700000; -2,2420260000
202200000214;6;8;2022;09:55;1;74;74043;2;1;1;6;Avenue du Leman;46,2655940000;6,3727030000
202200000215;9;8;2022;11:00;1;51;51621;2;1;1;7;Rue Dieu;49,1903030000;4,8906400000
202200000216;9;8;2022;18:15;1;79;79196;1;1;1;7;;46,9447150000; -0,1325600000
202200000217;21;7;2022;10:05;1;79;79284;2;1;1;3;10 Rue du Député Disleau;46,4433600000; -0,4476800000
202200000218;8;8;2022;16:50;1;2A;2A032;2;1;1;6;D 55 B;41,9149960000;8,8390910000
202200000219;10;8;2022;15:25;1;2B;2B077;1;4;1;3;CORSO;42,4639570000;9,4959910000
202200000220;10;8;2022;10:15;1;71;71543;2;2;1;3;Rue Jean Jaurès;46,5639910000;4,9121120000
202200000221;29;6;2022;07:30;1;42;42161;1;1;1;6;Route de Régny;45,9756850000;4,1375180000
202200000222;9;8;2022;03:25;4;46;46038;2;6;1;7;Avenue Guerin de Castelnau;44,9125400000;1,8417660000
202200000223;8;8;2022;10:40;1;39;39478;2;1;1;6;1 Avenue de Belfort;46,3909090000;5,8642910000
202200000224;8;8;2022;22:25;5;35;35049;2;1;1;6;Avenue du Général de Gaulle;48,6771230000; -1,8563840000
202200000225;10;8;2022;04:20;3;02;02290;1;1;1;6;1a Aulnois;49,0180690000;3,3760270000
202200000226;9;8;2022;08:00;1;01;01039;2;1;1;2;route de bourgogne;45,8576410000;5,7427700000
202200000227;10;8;2022;08:00;1;01;01402;1;1;1;6;1658 Route de Cuisery;46,5148930000;4,9795750000
202200000228;6;8;2022;00:10;3;72;72251;1;1;1;7;Lieu Dit Lombray;48,2702540000;0,1969650000
202200000229;9;8;2022;17:10;1;72;72283;1;1;1;6;Le Pont de Pierres;47,6312440000;0,3053510000
202200000230;9;8;2022;20:40;1;14;14370;2;2;1;3;D10;49,2266840000; -0,8712240000
202200000231;10;8;2022;13:45;1;05;05010;2;1;1;1;Route de Grenoble;44,5236820000;5,7574130000
202200000232;7;8;2022;11:33;1;18;18175;1;1;1;7;Les Soutrins;46,9210910000;2,7681900000
202200000233;8;8;2022;11:20;1;17;17249;1;2;1;3;D142e2;45,3968490000; -0,3070590000
202200000234;10;8;2022;09:35;1;19;19180;1;1;1;7;;45,5113510000;2,2201930000
202200000235;10;8;2022;02:40;3;76;76401;1;1;1;6;D913;49,4181300000;0,7955500000
202200000236;9;8;2022;18:16;1;73;73296;1;1;1;6;D87A;45,4933200000;6,9261350000
202200000237;8;8;2022;21:30;3;971;97103;1;1;1;6;La Jaille;16,2521140000; -61,5840770000
202200000238;9;8;2022;16:45;1;987;98738;2;3;2;3;PK 9; -17,5580000000; -149,4760000000
202200000239;10;8;2022;03:50;3;971;97107;1;1;1;1;lieu dit bananier - RN1;15,9968100000; -61,6070800000
202200000240;9;8;2022;17:11;3;91;91587;1;1;1;2;N20;48,6952660000;2,2857360000
202200000241;8;8;2022;11:20;1;78;78506;1;2;1;3;D177;48,4986640000;1,8152330000
202200000242;9;8;2022;10:35;1;2A;2A215;1;2;1;6;spartano - RT40;41,5022560000;9,0300940000
202200000243;10;8;2022;20:40;2;66;66088;1;3;1;1;;42,6802350000;2,6301630000
202200000244;11;7;2022;19:00;1;66;66227;2;6;1;3;;42,6403780000;2,9098050000
202200000245;6;8;2022;17:00;1;13;13081;2;6;1;3;Avenue de Verdun/ D55;43,4861990000;5,2302550000
202200000246;9;8;2022;07:30;1;67;67481;1;2;1;3;D5;48,3758790000;7,4885020000
202200000247;9;8;2022;11:45;1;63;63038;1;1;1;6;D978;45,5086274897;2,9099929333
202200000248;10;8;2022;11:30;1;74;74136;2;1;1;5;626 Route du Chinaillon;45,9428240000;6,4246420000
202200000249;10;8;2022;01:00;3;73;73071;1;1;1;6;D91D;45,4493112809;6,6945991516
202200000250;10;8;2022;10:30;1;42;42094;2;1;1;6;6 Rue de la Loire;45,7433500000;4,2208980000
202200000251;10;8;2022;12:58;1;26;26074;1;3;1;1;D611;44,9690260000;5,4290700000
202200000252;10;8;2022;15:45;1;17;17278;1;1;1;2;N150;45,6998180000; -0,7982070000
202200000253;10;8;2022;07:55;1;29;29169;1;1;1;3;Route de Guengat;48,0721510000; -4,1935530000
202200000254;6;8;2022;11:45;1;22;22054;1;1;1;-1;La Croix Rouge;48,5996430000; -2,4631910000
202200000255;9;8;2022;20:00;2;60;60620;2;9;1;1;;49,3319710874;2,1755053996
202200000256;5;8;2022;19:10;1;59;59139;2;6;1;6;Boulevard du 8 Mai 1945;50,1257279374;3,4225577116
202200000257;10;8;2022;07:15;1;59;59268;1;6;7;2;rue du grand chemin;50,6341790000;2,7378700000
202200000258;8;8;2022;11:50;1;13;13071;1;1;1;7;A55-Sens Martigues vers Marseille;43,3909700000;5,3012400000
202200000259;9;8;2022;09:40;1;92;92025;1;1;1;5;A86;48,9189886921;2,2237886747
202200000260;8;8;2022;09:20;1;78;78043;1;1;1;2;A12 W;48,8275900000;2,0778740000
202200000261;9;8;2022;18:00;1;93;93027;1;1;1;4;AUTOROUTE A86;48,9240500000;2,3875300000
202200000262;9;8;2022;13:35;1;75;75112;1;1;1;2;A4;48,8220360000;2,4623560000
202200000263;9;8;2022;12:10;1;77;77249;1;1;1;2;RN104;48,7348200000;2,6110700000
202200000264;9;8;2022;09:00;1;77;77337;1;1;1;2;A4;48,8301300000;2,6142300000
202200000265;8;8;2022;11:10;1;94;94073;1;1;1;3;A86 INT;48,7707911137;2,3864331060
202200000266;8;8;2022;20:00;1;59;59512;2;1;1;2;ALGER  (RUE D');50,7011500000;3,1919100000
202200000267;8;8;2022;21:12;5;68;68224;2;3;1;7;SCHUMAN (AVENUE ROBERT);47,7530900000;7,3439800000
202200000268;21;5;2022;14:30;1;45;45234;2;1;1;4;30 Quai du Châtelet;47,8980053910;1,9103376567
202200000269;30;4;2022;21:25;3;42;42031;2;1;1;3;Route de Saint-maurice;45,4040300000;4,2350000000
202200000270;8;8;2022;22:45;5;69;69388;2;1;1;6;Boulevard Pinel;45,7290662010;4,8866817355
202200000271;7;5;2022;19:35;2;69;69383;2;1;1;6;Rue Villeroy;45,7549730489;4,8492624033
202200000272;8;8;2022;18:00;1;69;69259;2;2;1;3;Avenue Viviani;45,7243852006;4,8713395000
202200000273;8;8;2022;13:40;1;972;97213;1;1;1;3;ROUTE DEPARTEMENTALE 14;14,6202300000; -61,0214800000
202200000274;7;8;2022;20:15;5;972;97209;2;3;1;3;GENERAL DE GAULLE (BLD DU);14,6076400000; -61,0689500000
202200000275;7;8;2022;19:30;5;972;97209;1;1;1;2;BEAUSEJOUR JAMBETTE (ROUTE);14,6423200000; -61,0426800000
202200000276;7;5;2022;17:10;1;91;91184;1;1;1;1;D449;48,4091920000;2,3801980000
202200000277;9;8;2022;00:40;5;2B;2B033;2;1;1;1;VEZZANI - RUE CESAR;42,6872200000;9,4457900000
202200000278;7;5;2022;10:50;1;34;34157;1;1;1;3;D51;43,4272740000;3,5589050000
202200000279;8;8;2022;07:05;1;2B;2B033;2;1;1;2;TUNNEL;42,6941000000;9,4523000000
202200000280;6;5;2022;17:40;1;84;84122;1;1;9;1;3489 Route de la Garrigue de l Etang;44,1212010000;4,9697400000
202200000281;7;5;2022;07:40;1;25;25465;1;1;1;6;Chatel;47,3289720000;6,3648940000
202200000282;7;8;2022;10:00;1;971;97101;2;3;2;3;ROUTE DES ABYMES;16,2537000000; -61,5234800000
202200000283;5;8;2022;07:30;1;971;97101;1;3;2;6;ROUTE DE COMA;16,2654000000; -61,4688600000
202200000284;6;5;2022;14:40;1;69;69294;2;3;1;2;Rue de la Sarraziniere;45,6284900000;4,8203900000
202200000285;7;8;2022;11:45;1;2A;2A004;2;1;1;2;SAMPIERO BD;41,9248900000;8,7389400000
202200000286;6;5;2022;12:00;1;85;85092;2;1;1;3;RD65;46,4657900000; -0,7934550000
202200000287;8;8;2022;21:20;2;95;95585;2;1;1;2;Avenue de la Division Leclerc;48,9824936999;2,3701822758
202200000288;7;5;2022;17:15;1;85;85296;1;1;1;1;La Marzelle;46,8995750000; -0,8402400000
202200000289;7;5;2022;11:40;1;14;14047;2;1;2;7;D613;49,2836490000; -0,7050390000
202200000290;8;8;2022;16:50;1;91;91286;2;1;1;6;CORBEIL (ROUTE DE);48,6532500000;2,3946900000
202200000291;5;7;2022;17:40;1;89;89342;1;1;1;1;;48,2432600000;3,2533000000
202200000292;7;5;2022;11:42;1;60;60252;1;1;1;7;D55;49,4596790000;2,3843430000
202200000293;7;5;2022;15:00;1;60;60575;1;3;1;3;D1001;49,3004980000;2,1972760000
202200000294;7;8;2022;20:00;1;77;77181;2;1;7;6;RUCHERIE  (RUE DE  LA);48,8243000000;2,7070000000
202200000295;8;8;2022;16:30;1;77;77186;1;2;1;3;D148 / D301;48,3766200000;2,7395900000
202200000296;7;5;2022;12:30;1;62;62870;1;1;1;1;AUTOROUTE A16;50,4141860000;1,6937510000
202200000297;8;8;2022;08:45;1;76;76540;2;2;1;6;Rue de Bapeaume;49,4526500000;1,0565800000
202200000298;4;5;2022;20:30;5;13;13212;1;1;1;6;A507 sens Aubagne- Marseille;43,2949000000;5,4262400000
202200000299;7;8;2022;21:15;5;76;76484;2;1;1;3;Avenue du Général de Gaulle;49,3432530276;1,0908114910
202200000300;5;5;2022;07:30;1;13;13005;1;1;1;2;A50-Sens Marseille vers Aubagne;43,2896400000;5,5575400000
202200000301;6;8;2022;06:35;2;76;76351;2;1;1;6;Rue de Mulhouse;49,4874500000;0,1421000000
202200000302;5;5;2022;08:35;1;13;13071;1;1;2;2;A7-Sens Marseille vers Lyon;43,4061400000;5,3367000000
202200000303;8;8;2022;08:15;1;69;69266;2;2;7;3;Rue du 4 Août 1789;45,7647300000;4,8845000000
202200000304;4;5;2022;18:35;1;13;13211;1;1;1;6;A50-Sens Aubagne vers Marseille;43,2907477875;5,4875286322
202200000305;6;8;2022;10:40;1;67;67462;1;3;1;2;RD 424;48,2379300000;7,4785700000
202200000306;1;5;2022;20:00;1;13;13215;1;1;1;2;A7-Sens Lyon vers Marseille;43,3664345541;5,3608052872
202200000307;7;8;2022;02:55;5;64;64445;2;1;1;3;boulevard de la Paix;43,3221700000; -0,3668700000
202200000308;4;5;2022;11:30;1;33;33192;1;1;1;2;Rocade Sud-Ouest;44,7894580000; -0,6038600000
202200000309;5;8;2022;14:11;1;63;63113;2;2;1;3;UNION SOVIETIQUE (AVENUE DE L');45,7813000000;3,1047000000
202200000310;2;5;2022;17:37;1;33;33397;1;1;1;2;AUTOROUTE A 10;44,8944140000; -0,4981660000
202200000311;7;8;2022;21:56;3;57;57591;1;1;1;7;CD181;49,2408300000;6,0679800000
202200000312;6;8;2022;03:30;3;56;56121;2;1;1;6;9 Rue vice-amiral Bouvet;47,7493800000; -3,3740150000
202200000313;7;8;2022;18:25;1;54;54304;2;2;1;3;SAPINIERE (RUE DE LA);48,6932600000;6,1279500000
202200000314;5;5;2022;19:30;1;94;94034;1;1;1;4;AUTOROUTE A86;48,7578300000;2,3282900000
202200000315;5;8;2022;17:50;1;52;52448;2;3;1;1;RENAN (RUE ERNEST);48,6420072187;4,9351894855
202200000316;5;5;2022;15:30;1;91;91174;1;1;1;7;RN 104;48,6247500000;2,4708800000
202200000317;5;8;2022;10:05;1;50;50129;2;3;1;6;TRIBUNAUX (RUE DES);49,6380800000; -1,6239000000
202200000318;5;5;2022;08:30;1;92;92002;1;1;1;3;AUTOROUTE A10;48,7319740000;2,3106990000
202200000319;6;8;2022;18:31;1;47;47027;1;1;1;6;RD 236;44,4155000000;0,6619000000
202200000320;8;8;2022;12:00;1;47;47001;2;2;1;3;DE GAULLE (AV. DU GENERAL);44,2059900000;0,6116800000
202200000321;4;5;2022;17:40;1;77;77251;1;1;1;3;RN 104;48,6447670000;2,5434560000
202200000322;8;8;2022;06:00;5;47;47001;2;2;1;3;TOUR (RUE DE LA);44,2052640000;0,6251970000
202200000323;7;8;2022;22:50;5;44;44184;2;1;1;7;Boulevard Georges Charpak;47,2614700000; -2,2620100000
202200000324;4;5;2022;07:00;2;91;91689;1;1;1;4;AUTOROUTE A6B;48,7414300000;2,3212000000
202200000325;29;7;2022;18:10;1;42;42218;2;3;8;6;Avenue de la Libération;45,4370900000;4,3908900000
202200000326;5;5;2022;19:10;1;92;92036;1;1;1;4;AUTOROUTE A15;48,9423087641;2,2895919163
202200000327;5;5;2022;18:30;1;92;92078;1;1;1;2;AUTOROUTE A86;48,9276695515;2,3328449875
202200000328;5;5;2022;20:00;1;93;93066;1;1;1;2;AUTOROUTE A1;48,9186200000;2,3576000000
202200000329;8;8;2022;21:34;5;38;38185;2;2;1;3;PLACE JEAN ACHARD;45,1889700000;5,7293600000
202200000330;9;8;2022;00:30;3;35;35278;1;1;1;6;RD 82;48,1701414333; -1,6936567426
202200000331;5;5;2022;14:00;1;95;95572;1;1;1;2;RN 184;49,0354100000;2,1170100000
202200000332;8;8;2022;21:00;2;35;35238;2;1;1;3;SALLE (BLD JEAN BAPTISTE DE LA);48,1157646679; -1,7045089602
202200000333;5;5;2022;12:55;1;95;95582;1;1;1;3;A15;48,9746867186;2,2441935539
202200000334;8;8;2022;14:30;1;34;34172;2;1;1;4;Rue François-Joseph Gossec;43,5762500000;3,8723400000
202200000335;4;5;2022;14:00;1;93;93005;1;1;1;5;AUTOROUTE A3;48,9668465843;2,4759478569
202200000336;4;5;2022;05:35;3;77;77058;1;1;1;7;A4;48,8290100000;2,7383700000
202200000337;6;8;2022;06:50;2;34;34032;2;1;1;7;Route d’Agde;43,3237520000;3,2490740000
202200000338;4;5;2022;05:40;3;974;97407;2;9;1;6;SACRE COEUR (RD POINT) -RIV. DES GALETS ; -20,9553100000;55,3117200000
202200000339;8;8;2022;19:00;1;33;33162;2;1;1;7;Rue Jean Lahary;44,8862600000; -0,6483300000
202200000340;4;5;2022;20:20;2;69;69259;2;9;2;3;Boulevard Irène Joliot Curie;45,7167823032;4,8772430420
202200000341;25;7;2022;07:45;1;29;29232;1;6;1;3;Rond-Point de Ti Pont Kerroue;48,0167605000; -4,0953481700
202200000342;4;5;2022;09:20;1;69;69388;2;2;1;1;Rue Florent;45,7274300000;4,8785000000
202200000343;4;5;2022;07:20;1;69;69387;1;1;1;2;Boulevard Chambaud de la Bruyère;45,7238300000;4,8423400000
202200000344;7;8;2022;18:35;1;29;29039;1;2;1;2;Rue de Kerose;47,8741235217; -3,8982739449
202200000345;4;5;2022;13:05;1;972;97209;2;1;1;5;BISHOP (Avenue Maurice);14,6130000000; -61,0529500000
202200000346;7;8;2022;19:02;1;29;29039;2;1;1;2;Quai de la Croix;47,8689600000; -3,9174200000
202200000347;4;5;2022;07:02;1;69;69389;2;1;1;6;141 Avenue Sidoine Apollinaire;45,7624400000;4,8041800000
202200000348;4;5;2022;13:00;1;971;97113;1;1;1;6;RN4 - SECTION RIVIERA;16,2116000000; -61,4742000000
202200000349;4;5;2022;21:38;4;2A;2A004;2;1;1;7;NAPOLEON COURS AVANT BEVERINI;41,9229243168;8,7375930547
202200000350;7;8;2022;12:50;1;17;17306;2;9;1;3;AQUITAINE (ALIENOR D') (AVENUE);45,6159300000; -1,0019300000
202200000351;4;5;2022;18:00;1;95;95280;2;3;1;3;Rue Joseph Cugnot;49,0213000000;2,4710200000
202200000352;4;5;2022;15:40;1;91;91471;2;6;1;3;FERME (RUE DE LA);48,6843800000;2,1885900000
202200000353;4;5;2022;10:40;1;91;91097;2;9;1;7;AV JEAN MOULIN;48,6840850000;2,5350230000
202200000354;3;5;2022;09:35;1;91;91223;2;1;1;2;SABLIERE (RUE DE LA)   ZI;48,4525800000;2,1603600000
202200000355;4;4;2022;08:00;1;85;85194;2;1;1;3;89 Avenue françois mitterrand;46,5140540000; -1,7765130000
202200000356;23;3;2022;08:15;1;83;83129;2;3;1;6;POILUS (PLACE DES);43,0925402139;5,8401346207
202200000357;3;5;2022;16:15;1;83;83069;2;1;1;4;AVENUE RITONDALE LEOPOLD;43,1171400000;6,1438000000
202200000358;4;5;2022;06:15;1;77;77131;2;3;1;3;ROND POINT D402 RUE DE LA BUTTE;48,7974000000;3,0740000000
202200000359;4;5;2022;18:15;1;73;73008;2;6;1;2;D1201 - HOPITAUX CARREFOUR DES;45,6966100000;5,9074600000
202200000360;3;5;2022;18:05;1;67;67365;2;1;1;2;LECLERC (RUE DU GENERAL);48,5503800000;7,7111500000
202200000361;30;4;2022;19:15;1;67;67482;2;3;1;2;NEUHOF (ROUTE);48,5458995958;7,7655610442
202200000362;4;5;2022;17:40;1;64;64445;2;4;1;3;HENRI FAISANS;43,3009100000; -0,3596800000
202200000363;3;5;2022;14:25;1;64;64445;2;1;1;3;Boulevard d’Alsace Lorraine;43,3023600000; -0,3603900000
202200000364;3;5;2022;19:15;1;64;64024;2;9;1;3;Avenue de Bayonne;43,4817605980; -1,5095552820
202200000365;4;5;2022;14:45;1;59;59350;2;1;1;3;ESPLANADE FACADE;50,6420300000;3,0534900000
202200000366;29;4;2022;15:55;1;57;57672;2;1;1;6;GENERAL MANGIN (RUE);49,3567900000;6,1577280000
202200000367;2;5;2022;13:15;1;56;56121;2;3;1;3;198 Rue de Belgique;47,7616000000; -3,3882000000
202200000368;4;5;2022;13:30;1;51;51454;2;1;1;4;rue du Grand Credo;49,2548800000;4,0352500000
202200000369;3;5;2022;17:00;1;49;49328;2;3;1;3;BOUDENT (RUE JEAN);47,2530800000; -0,0892800000
202200000370;4;5;2022;02:01;5;49;49007;2;1;1;6;PASTEUR AVENUE;47,4741200000; -0,5373200000
202200000371;4;5;2022;22:40;5;38;38185;2;2;2;3;COURS JEAN JAURÈS;45,1826800000;5,7171600000
202200000372;4;5;2022;08:15;1;37;37122;2;1;1;4;BRETONNIERES (BOULEVARD DES);47,3435792180;0,6269904971
202200000373;4;5;2022;08:40;1;35;35238;2;1;1;7;MAGINOT (AVENUE SERGENT);48,1100100000; -1,6623100000
202200000374;4;5;2022;08:30;1;34;34129;2;3;1;3;113 Route de Villeneuve-les-Maguelone;43,5554700000;3,8603700000
202200000375;2;5;2022;07:50;1;34;34032;1;1;1;3;D612;43,3624800000;3,2429270000
202200000376;1;5;2022;20:30;1;33;33119;2;1;1;6;Rue du Maréchal Joffre;44,8536500000; -0,5352600000
202200000377;21;4;2022;16:40;1;29;29019;2;3;1;3;Boulevard de l’Europe;48,4074050000; -4,5222590000
202200000378;4;5;2022;15:25;1;28;28404;2;1;7;3;PRESSOIR (RUE DU);48,7233610000;1,3689670000
202200000379;5;5;2022;00:45;5;25;25056;2;5;1;6;;47,2377900000;6,0148800000
202200000380;4;5;2022;08:25;1;17;17028;2;6;1;3;GRASSET   AVENUE EDMOND;46,1348700000; -1,1204700000
202200000381;29;4;2022;18:10;1;15;15014;2;1;1;6;DOUMER (AVENUE PAUL);44,9263300000;2,4454400000
202200000382;3;5;2022;11:13;1;13;13103;2;2;1;3;BOULEVARD DU ROY RENE;43,6318960713;5,1000122584
202200000383;4;5;2022;13:10;1;13;13206;2;2;1;2;GOUFFE (COURS);43,2854500000;5,3898500000
202200000384;4;5;2022;10:00;1;13;13215;2;6;1;3;DE SAINT LOUIS AU ROVE (chemin);43,3482600000;5,3560900000
202200000385;4;5;2022;07:30;1;13;13206;2;1;1;3;LIEUTAUD (COURS);43,2900100000;5,3836200000
202200000386;4;5;2022;10:30;1;13;13001;2;3;1;3;COSTE JEAN PAUL (AV );43,5134382639;5,4553753741
202200000387;3;5;2022;08:32;1;11;11069;2;1;1;6;RIVOLI  -BD ET IMPASSE-;43,2269700000;2,3522600000
202200000388;3;5;2022;08:38;1;10;10081;2;1;1;2;ROCADE EST (RD 610);48,3296700000;4,0458000000
202200000389;4;5;2022;21:40;5;07;07186;2;1;2;6;Avenue du Vanel;44,7371560000;4,6124070000
202200000390;3;5;2022;19:05;1;07;07102;2;1;1;6;TOULAUD (CHEMIN DE);44,9278700000;4,8555800000
202200000391;3;5;2022;20:40;1;75;75120;2;1;1;2;BD PERIPHERIQUE INTERIEUR;48,8747450000;2,4105430000
202200000392;4;5;2022;07:06;1;75;75119;2;1;1;2;RUE GASTON TESSIER;48,8961810000;2,3750560000
202200000393;4;5;2022;06:19;2;75;75119;2;2;1;3;RUE DE BELLEVILLE;48,8754620000;2,3979220000
202200000394;30;4;2022;00:50;5;75;75119;2;1;1;1;QUAI DE L OISE;48,8914380000;2,3850170000
202200000395;3;5;2022;10:20;1;75;75119;2;1;1;4;BD PERIPHERIQUE EXTERIEUR;48,9003590000;2,3766420000
202200000396;3;5;2022;14:40;1;75;75118;2;5;1;3;RUE ORDENER;48,8936240000;2,3363550000
202200000397;3;5;2022;20:00;1;75;75115;2;7;1;3;PLACE DES INSURGES DE VARSOVIE;48,8275720000;2,2929310000
202200000398;4;5;2022;12:30;1;75;75114;2;1;1;6;RUE REMY DUMONCEL;48,8296650000;2,3304160000
202200000399;3;5;2022;12:30;1;75;75113;2;2;1;6;BOULEVARD DU GENERAL JEAN SIMON;48,8259757143;2,3826304078
202200000400;4;5;2022;05:09;5;75;75110;2;2;1;6;RUE DU FAUBOURG SAINT MARTIN;48,8816060000;2,3657710000
202200000401;4;5;2022;19:10;1;75;75108;2;7;1;3;PLACE DE LA CONCORDE;48,8640607303;2,3201134801
202200000402;4;5;2022;15:00;1;75;75107;2;2;1;3;PONT DES INVALIDES;48,8625730000;2,3104080000
202200000403;4;5;2022;14:30;1;75;75104;2;3;1;7;RUE DU RENARD;48,8603250000;2,3530030000
202200000404;4;5;2022;09:20;1;75;75104;2;7;1;3;QUAI DE GESVRES;48,8571810000;2,3473330000
202200000405;3;5;2022;17:00;1;75;75101;2;2;1;3;RUE DE RIVOLI;48,8609090000;2,3408390000
202200000406;3;5;2022;11:04;1;75;75104;2;2;1;6;RUE DES DEUX PONTS;48,8518310000;2,3565480000
202200000407;3;5;2022;09:10;1;75;75104;2;3;1;7;RUE DE RIVOLI;48,8550970000;2,3616800000
202200000408;4;5;2022;15:10;1;94;94078;2;1;1;3;Avenue Carnot;48,7330600000;2,4486100000
202200000409;4;5;2022;12:30;1;94;94037;2;1;1;2;Avenue Jean Jaurès;48,8136400000;2,3505900000
202200000410;4;5;2022;12:15;1;94;94003;2;1;1;2;Avenue Gabriel Péri;48,7979800000;2,3433700000
202200000411;3;5;2022;23:03;5;94;94016;2;1;1;7;Rue Etienne Dolet;48,7926210853;2,3377833365
202200000412;4;5;2022;16:54;1;94;94041;2;1;1;3;Avenue de Verdun;48,8085100000;2,3737500000
202200000413;4;5;2022;18:40;1;94;94073;2;1;1;6;2 Rue du Docteur Marie;48,7462320000;2,3716910000
202200000414;4;5;2022;09:10;1;94;94034;2;6;1;6;DEPORTATION (CAR DE LA);48,7577700000;2,3292400000
202200000415;4;5;2022;12:50;1;94;94018;2;4;1;6;GRAVELLE (AV DE);48,8296100000;2,4011300000
202200000416;4;5;2022;18:45;1;93;93078;1;6;1;2;Avenue Vauban;48,9669049273;2,5519759657
202200000417;3;5;2022;13:00;1;93;93078;2;2;1;1;Boulevard Robert Ballanger / Rue Norbert Segard;48,9560000000;2,5405000000
202200000418;4;5;2022;18:45;1;93;93070;2;1;1;6;Rue la Clef des Champs;48,9150800000;2,3310000000
202200000419;4;5;2022;17:47;1;93;93070;2;1;1;6;Boulevard Victor Hugo;48,9113100000;2,3326000000
202200000420;3;5;2022;20:00;2;93;93029;2;1;1;6;63 Rue Roger Gibrat;48,9200790000;2,4494210000
202200000421;4;5;2022;20:00;1;93;93010;2;1;2;6;Rue de Varsovie;48,8928380000;2,4766550000
202200000422;4;5;2022;17:00;1;93;93001;2;1;1;1;Avenue de la République;48,9084440000;2,3873550000
202200000423;4;5;2022;14:30;1;93;93001;2;3;1;2;Avenue Jean Jaurès;48,9103852057;2,3992601037
202200000424;4;5;2022;17:00;1;92;92051;2;1;1;3;CHARLES DE GAULLE (AVENUE, N°27 A 129);48,8802183655;2,2739046514
202200000425;4;5;2022;20:45;1;92;92020;2;9;1;3;EXUPERY AVENUE SAINT;48,8081386378;2,2983136922
202200000426;4;5;2022;12:00;1;92;92024;2;1;1;6;VILLENEUVE (RUE) DE (1 A 45)   (2 A 44);48,9045636888;2,3081863672
202200000427;6;5;2022;13:30;1;80;80016;1;1;1;2;D52;49,9897720000;2,6389100000