Accident_Id;jour;mois;an;hrmn;lum;dep;com;agg;int;atm;col;adr;lat;long
202200001073;17;9;2022;03:35;5;47;47001;2;6;1;3;LIBERTE (BOULEVARD DE LA);44,1951700000;0,6125900000
202200001074;17;9;2022;20:50;5;45;45234;2;1;1;1;27 Avenue de la Libération;47,9202162047;1,9023900032
202200001075;17;9;2022;13:45;1;43;43157;2;2;1;3;BELGES (AV. DES);45,0465900000;3,8921400000
202200001076;17;9;2022;18:20;1;35;35051;2;1;1;3;ALLIES (BOULEVARD DES);48,1357702451; -1,6238039732
202200001077;17;9;2022;17:15;1;35;35055;2;1;1;3;MOULIN (RUE DU);48,0882032164; -1,6268147528
202200001078;17;9;2022;06:10;5;33;33063;2;1;1;6;Cours Saint Louis;44,8560488039; -0,5711871386
202200001079;16;9;2022;18:50;1;33;33529;2;1;1;7;OCEAN (BD DE L');44,6230344436; -1,2019354105
202200001080;17;9;2022;16:30;1;31;31069;2;1;1;6;SAND (RUE GEORGES);43,6500080000;1,3749090000
202200001081;17;9;2022;15:00;1;29;29019;2;6;1;3;9 rue Sébastopol;48,4002546192; -4,4690741301
202200001082;17;9;2022;16:05;1;26;26058;2;1;6;6;Quai Thannaron;44,9378400000;4,8903300000
202200001083;17;9;2022;22:10;5;25;25056;2;2;1;3;FAURE AVENUE EDGAR;47,2445900000;6,0216670000
202200001084;18;9;2022;01:30;4;17;17300;2;1;1;3;AMELOT   RUE;46,1605400000; -1,1483400000
202200001085;17;9;2022;14:33;1;17;17300;2;1;1;6;ORBIGNY   RUE ALCIDE D';46,1637400000; -1,1468070000
202200001086;16;9;2022;18:05;1;16;16089;2;3;1;3;Rue de la Trache;45,6822910000; -0,2920840000
202200001087;17;9;2022;21:25;5;14;14118;2;1;1;7;Avenue du Calvados;49,1901118875; -0,3382265568
202200001088;17;9;2022;01:30;5;13;13201;2;1;1;3;BD MAURICE BOURDET;43,3025382093;5,3795529484
202200001089;13;9;2022;17:00;1;13;13028;2;1;1;6;FRANCE (BOULEVARD ANATOLE);43,1738300000;5,6103000000
202200001090;17;9;2022;12:30;1;11;11069;2;1;1;2;153 Av du Pdt Franklin Roosevelt;43,2221700000;2,3374800000
202200001091;17;9;2022;04:27;5;10;10333;2;2;1;6;JULES DIDIER (RUE);48,2861200000;4,0665000000
202200001092;17;9;2022;18:15;1;06;06088;2;3;1;3;ARSON (RUE);43,7024600000;7,2878100000
202200001093;16;9;2022;15:38;1;06;06069;1;1;1;5;CHEVREFEUILLES (CHEMIN DES);43,6390800000;6,9208100000
202200001094;17;9;2022;18:30;1;75;75120;2;1;1;2;BD PERIPHERIQUE INTERIEUR;48,8474280000;2,4145600000
202200001095;16;9;2022;21:50;3;75;75114;2;4;1;6;ECHANGEUR ORLEANS;48,8192780000;2,3288870000
202200001096;16;9;2022;17:25;1;75;75115;2;4;1;2;PORTE BRANCION;48,8260230000;2,2990750000
202200001097;17;9;2022;21:05;5;75;75119;2;3;1;3;AVENUE JEAN JAURES;48,8887970000;2,3931260000
202200001098;17;9;2022;18:40;1;75;75116;2;4;1;2;AVENUE DE LA PORTE DE SAINT CLOUD;48,8385927303;2,2523018718
202200001099;17;9;2022;14:58;1;75;75116;2;1;1;6;AVENUE DU GENERAL SARRAIL;48,8471920000;2,2567180000
202200001100;17;9;2022;20:45;5;75;75115;2;3;1;6;RUE LEON DIERX;48,8288440000;2,2998140000
202200001101;17;9;2022;00:30;5;75;75115;2;3;1;3;RUE DE LA CROIX NIVERT;48,8463280000;2,2992490000
202200001102;16;9;2022;03:20;5;75;75113;2;3;1;6;BOULEVARD DE PORT ROYAL;48,8383220000;2,3420660000
202200001103;4;7;2022;20:52;5;972;97213;1;1;1;4;AUTOROUTE A1;14,6181000000; -61,0294900000
202200001104;17;9;2022;13:30;1;75;75112;2;4;1;2;AVENUE DU TREMBLAY;48,8419740000;2,4491650000
202200001105;4;7;2022;08:55;1;972;97209;2;1;1;6;SOLEIL LEVANT (BOULEVARD DU);14,6193300000; -61,0388700000
202200001106;17;9;2022;02:00;5;75;75112;2;1;1;3;QUAI DE LA RAPEE;48,8439350000;2,3697560000
202200001107;17;9;2022;11:40;1;75;75111;2;1;1;3;AVENUE PARMENTIER;48,8629590000;2,3762540000
202200001108;4;7;2022;21:05;1;91;91064;2;1;1;2;GARE (AVENUE DE LA);48,7519700000;2,2157400000
202200001109;17;9;2022;01:56;5;75;75108;2;7;1;3;BOULEVARD MALESHERBES;48,8756520000;2,3189090000
202200001110;4;7;2022;07:45;1;91;91377;2;1;1;3;RUE DES CHAMPARTS;48,7172900000;2,2947900000
202200001111;17;9;2022;02:52;5;75;75108;2;1;1;2;AVENUE DES CHAMPS ELYSEES;48,8685770000;2,3114760000
202200001112;5;7;2022;18:00;1;91;91657;2;9;1;6;RUE MAXIME PETIT;48,7064100000;2,4175400000
202200001113;31;8;2022;10:45;1;94;94081;2;2;1;3;CAMILLE GROULT (R);48,7861100000;2,3918600000
202200001114;5;7;2022;08:16;1;87;87085;1;1;1;3;FRACHON ( ave Benoit);45,8560900000;1,2919700000
202200001115;4;7;2022;18:03;1;87;87085;2;1;1;6;WILSON (PLACE);45,8298400000;1,2627400000
202200001116;17;9;2022;14:05;1;94;94081;2;2;1;3;ALGESIRAS (R D);48,8022400000;2,4098000000
202200001117;2;7;2022;23:13;5;87;87085;1;1;1;7;FOUGERAS (RUE DE);45,8598300000;1,2874000000
202200001118;17;9;2022;12:15;1;94;94081;2;5;1;3;JEAN JAURES (AV);48,7931400000;2,3956400000
202200001119;5;7;2022;17:45;1;83;83137;2;3;1;3;PICOT (AVE DU COLONEL);43,1254000000;5,9579000000
202200001120;5;7;2022;14:15;1;83;83137;2;3;1;3;RIGOUMEL (CHEMIN DE);43,1455300000;5,9038700000
202200001121;17;9;2022;19:59;2;94;94046;2;9;1;3;Rue Jean Jaurès;48,7904500000;2,4351900000
202200001122;5;7;2022;09:00;1;83;83126;2;9;7;3;EUROPE (BD DE L');43,1146330000;5,8557970000
202200001123;17;9;2022;14:10;1;94;94034;2;1;1;2;EDOUARD HERRIOT (AV);48,7500000000;2,3200000000
202200001124;1;7;2022;08:32;1;83;83123;2;1;1;6;BUGE (CHEMIN DE LA) N° IMPAIRS;43,1208400000;5,8074500000
202200001125;29;6;2022;17:10;1;83;83069;1;1;1;2;LOUBES (ROUTE DES);43,1149000000;6,0956800000
202200001126;5;7;2022;20:15;1;81;81065;2;3;1;6;PORCHES (CH.DES);43,6021200000;2,2502300000
202200001127;17;9;2022;18:30;2;94;94059;2;2;1;3;Avenue Pasteur / Avenue de Coeuilly;48,8078900000;2,5669800000
202200001128;5;7;2022;18:00;1;78;78238;1;1;1;4;CD 14;48,9791720000;1,8865110000
202200001129;17;9;2022;21:45;5;94;94018;2;1;1;3;26 Rue Victor Hugo;48,8209030000;2,4126150000
202200001130;17;9;2022;04:45;5;93;93073;2;2;1;6;Rue de New-York / Rue de la Haye;49,0112441704;2,5615099449
202200001131;5;7;2022;11:05;1;77;77186;2;1;1;6;D210;48,4127800000;2,7111100000
202200001132;17;9;2022;20:45;5;93;93072;2;1;1;6;Rue Marthe;48,9671500000;2,3808000000
202200001133;4;7;2022;08:15;1;76;76451;2;1;1;4;Boulevard Maurice de Broglie;49,4616700000;1,0755400000
202200001134;17;9;2022;09:30;1;93;93071;2;3;7;6;Place Gaston Bussiere / Rue Lucien Sampaix;48,9373800000;2,5298700000
202200001135;16;9;2022;19:17;1;93;93066;2;1;1;6;Rue du Plouich;48,9429944144;2,3826089712
202200001136;4;7;2022;11:05;1;72;72181;2;9;1;3;LECOUTEUX LIONEL (PL) N° 3;48,0056800000;0,2016300000
202200001137;17;9;2022;19:10;2;93;93051;2;2;1;3;Avenue des Graviers / Avenue Médéric;48,8298800000;2,5813000000
202200001138;4;7;2022;08:45;1;72;72181;2;1;1;4;ROUILLON (RTE DE);48,0039200000;0,1764600000
202200001139;17;9;2022;15:40;1;93;93051;2;1;1;1;Rue Pierre Brossolette;48,8484584888;2,5502522934
202200001140;4;7;2022;17:00;1;71;71270;2;3;1;6;31 Rue Rambuteau;46,3066450289;4,8273177221
202200001141;17;9;2022;22:15;5;93;93050;2;2;1;2;Boulevard du Marechal Foch / Rue Clément Ader;48,8541500000;2,5202400000
202200001142;5;7;2022;08:10;1;67;67447;2;6;1;6;LONDRES (AVENUE DE);48,6111400000;7,7062300000
202200001143;17;9;2022;21:30;5;93;93045;2;2;2;3;Rue Chassagnolle / Avenue Pasteur;48,8764387672;2,4136423678
202200001144;4;7;2022;20:25;1;67;67482;2;3;1;3;CHAMP DE MANOEUVRE (RUE DU);48,6020791691;7,7113214135
202200001145;16;9;2022;18:00;1;93;93057;2;6;1;3;Allee de Luxembourg / Avenue Louise Michel;48,9130900000;2,4973500000
202200001146;4;7;2022;18:30;1;64;64445;2;1;1;4;JEAN MERMOZ;43,3064900000; -0,3762800000
202200001147;17;9;2022;19:40;1;92;92033;2;9;1;3;CROISSANTS;48,8453400000;2,1955800000
202200001148;5;7;2022;17:45;1;64;64102;2;1;1;2;Avenue Henri de Navarre;43,4966600000; -1,4507000000
202200001149;23;6;2022;16:50;1;63;63193;2;1;1;3;MILAN (RUE DE);45,7801868335;3,2060994208
202200001150;5;7;2022;11:05;1;60;60684;2;1;1;6;Rue Albert Thomas;49,2913720000;2,4998140000
202200001151;5;7;2022;06:15;1;59;59508;2;4;1;3;RONCQ (ROUTE);50,7445720000;3,1384380000
202200001152;29;6;2022;22:30;5;59;59017;2;2;1;3;RESISTANTS (RUE DES );50,6908080451;2,8745632767
202200001153;4;7;2022;07:45;1;54;54395;2;2;1;3;MOTHE (RUE DE LA);48,6929998368;6,1965275109
202200001154;5;7;2022;09:25;1;54;54273;2;1;7;2;PATTON (AVENUE);49,1598900000;5,8765200000
202200001155;5;7;2022;05:00;5;51;51454;2;2;1;7;rue de Bezannes;49,2455700000;4,0114100000
202200001156;4;7;2022;16:45;1;51;51230;2;3;1;2;Rue Edouard Vaillant;49,0474207250;3,9695647359
202200001157;4;7;2022;19:59;1;49;49007;2;8;1;7;DESPORTES;47,4625863605; -0,5550026894
202200001158;4;7;2022;14:06;1;49;49007;2;1;1;2;MONPLAISIR BOULEVARD;47,4901500000; -0,5233300000
202200001159;4;7;2022;20:19;1;49;49007;2;1;1;3;RESISTANCE ET DEPORTATION BLD;47,4713500000; -0,5469000000
202200001160;4;7;2022;17:03;1;49;49007;2;1;1;6;RAMON BOULEVARD;47,4857500000; -0,5332300000
202200001161;4;7;2022;15:05;1;47;47001;1;1;1;5;R1113 (VOIE SUR BERGE DE GARONNE);44,2105130000;0,6058690000
202200001162;4;7;2022;17:00;1;45;45234;2;1;1;2;391 Rue du Faubourg Bannier;47,9287050248;1,8959256113
202200001163;5;7;2022;22:00;5;37;37261;2;7;1;6;FUSILLES (RUE DES);47,3947500000;0,6857600000
202200001164;5;7;2022;15:45;1;37;37261;2;6;1;7;ROND POINT EMMAUS;47,4306112468;0,7049274445
202200001165;6;5;2022;17:00;1;35;35051;2;6;1;3;RENNES (RUE DE);48,1140330059; -1,6203244776
202200001166;5;7;2022;22:00;2;33;33550;2;1;1;6;Avenue des Pyrénées;44,7598000000; -0,5560200000
202200001167;5;7;2022;10:20;1;33;33063;2;3;1;3;Boulevard Maréchal Leclerc;44,8279790524; -0,5931141973
202200001168;4;7;2022;18:10;1;33;33162;2;3;1;3;Avenue du Taillan-Médoc;44,8792100000; -0,6465100000
202200001169;5;7;2022;12:20;1;33;33529;2;6;1;3;CARNOT (RUE DU PRESIDENT);44,6267300000; -1,1415400000
202200001170;5;7;2022;02:40;5;33;33529;2;6;1;6;rue Lagrua;44,6381209411; -1,1535161734
202200001171;5;7;2022;10:50;1;31;31555;2;1;1;6;ALL HENRI SELLIER;43,5772900000;1,4373400000
202200001172;5;7;2022;09:40;1;31;31555;2;1;1;3;FAUBOURG BONNEFOY (RUE DU) DU 1AU 231;43,6174450000;1,4546400000
202200001173;5;7;2022;03:15;5;31;31555;2;9;1;6;RUE DU POLE;43,6468621681;1,4187249541
202200001174;5;7;2022;15:57;1;29;29019;2;1;1;6;14 rue Docteur Charcot;48,4024630000; -4,4722150000
202200001175;5;7;2022;11:15;1;27;27375;2;1;7;2;CHAMP DE VILLE (PLACE DU);49,2102000000;1,1646800000
202200001176;30;6;2022;15:55;1;22;22113;1;1;1;1;KERMARIA SULARD (ROUTE DE);48,7434100000; -3,4267600000
202200001177;3;7;2022;11:50;1;21;21054;2;1;1;3;CLEMENCEAU (BOULEVARD);47,0234500000;4,8330300000
202200001178;5;7;2022;22:15;5;19;19272;2;1;1;7;Raymond Poincaré (Av);45,2747686577;1,7711462975
202200001179;5;7;2022;16:30;1;17;17461;2;1;1;6;MALAKOFF (AVENUE);45,6374300000; -1,0597400000
202200001180;5;7;2022;15:10;1;15;15014;2;3;1;3;MARTY (RUE PIERRE);44,9226780000;2,4431290000
202200001181;5;7;2022;17:20;1;13;13103;2;1;1;3;AVENUE GUYNEMER -GEORGES;43,6298401466;5,1022679707
202200001182;23;4;2022;00:40;5;13;13213;2;1;1;7;CROIX ROUGE (AVENUE);43,3350100000;5,4437600000
202200001183;5;7;2022;04:10;3;13;13047;1;1;1;1;R.N 569;43,4879400000;4,9635400000
202200001184;4;7;2022;17:20;1;13;13005;2;1;1;2;ECOLE JEAN MERMOZ;43,2864600000;5,5748300000
202200001185;5;7;2022;02:56;5;06;06088;2;1;1;1;CENTRALE (RUE);43,6984200000;7,2769400000
202200001186;4;7;2022;15:53;1;06;06069;1;1;1;7;6 Chemin de la Madeleine;43,6570400000;6,9336000000
202200001187;4;7;2022;16:40;1;06;06027;2;1;1;2;PLAGE BOULEVARD DE LA;43,6505100000;7,1512000000
202200001188;4;7;2022;15:55;1;04;04112;2;5;1;3;MAJORAL ARNAUD (AV.);43,8311900000;5,7784000000
202200001189;5;7;2022;16:50;1;01;01289;1;2;1;3;LENT (ROUTE DE);46,1731700000;5,2302300000
202200001190;5;7;2022;08:15;1;75;75117;2;1;1;2;PORTE DE CLICHY;48,8951580000;2,3064100000
202200001191;5;7;2022;12:31;1;75;75106;2;1;1;1;RUE DANTON;48,8523000000;2,3415000000
202200001192;5;7;2022;07:45;1;75;75120;2;2;7;6;RUE DE BELLEVILLE;48,8759760000;2,4025350000
202200001193;5;7;2022;14:40;1;75;75119;2;2;1;3;AVENUE DE FLANDRE;48,8923220000;2,3791500000
202200001194;5;7;2022;14:45;1;75;75119;2;3;1;2;RUE DE BELLEVILLE;48,8732760000;2,3819010000
202200001195;4;7;2022;22:50;5;75;75118;2;3;1;6;RUE ORDENER;48,8902830000;2,3583080000
202200001196;29;6;2022;18:10;1;75;75116;2;2;1;6;RUE DES VIGNES;48,8573100000;2,2730380000
202200001197;5;7;2022;20:50;2;75;75115;2;2;1;6;RUE DE VAUGIRARD;48,8383130000;2,2984540000
202200001198;5;7;2022;17:35;1;75;75115;2;1;1;3;RUE LINOIS;48,8487340000;2,2825620000
202200001199;5;7;2022;15:45;1;75;75115;2;1;1;6;RUE LECOURBE;48,8447960000;2,3100390000
202200001200;4;7;2022;15:50;1;75;75115;2;1;1;2;BOULEVARD GARIBALDI;48,8473740000;2,3038950000
202200001201;4;7;2022;11:50;1;75;75114;2;1;1;6;BOULEVARD JOURDAN;48,8228860000;2,3274010000
202200001202;5;7;2022;23:05;5;75;75113;2;1;1;6;AVENUE D IVRY;48,8253610000;2,3616360000
202200001203;5;7;2022;13:10;1;75;75113;2;3;1;3;BOULEVARD KELLERMANN;48,8210030000;2,3507880000
202200001204;5;7;2022;19:00;1;75;75112;2;7;1;3;BOULEVARD DE REUILLY;48,8395310000;2,3952230000
202200001205;5;7;2022;19:15;1;75;75109;2;1;1;6;BOULEVARD DE CLICHY;48,8832450000;2,3339790000
202200001206;5;7;2022;23:00;5;75;75108;2;7;1;6;RUE D AMSTERDAM;48,8833200000;2,3271620000
202200001207;5;7;2022;15:00;1;75;75108;2;7;1;3;PLACE DE LA CONCORDE;48,8667660000;2,3220420000
202200001208;4;7;2022;12:40;1;75;75108;2;2;1;6;AVENUE DES CHAMPS ELYSEES;48,8705220000;2,3052820000
202200001209;5;7;2022;19:58;1;75;75101;2;4;1;6;RUE DU LOUVRE;48,8644610000;2,3426480000
202200001210;5;7;2022;17:45;1;75;75103;2;1;1;6;RUE BLONDEL;48,8685150000;2,3547820000
202200001211;5;7;2022;12:20;1;75;75101;2;5;1;3;BOULEVARD DE LA MADELEINE;48,8699240000;2,3279870000
202200001212;5;7;2022;19:45;1;94;94081;2;3;1;3;GABRIEL PERI (R);48,7980200000;2,3994100000
202200001213;5;7;2022;08:45;1;94;94076;2;1;1;2;PARIS (AV DE);48,8021440000;2,3647240000
202200001214;4;7;2022;15:20;1;94;94016;2;9;1;4;174 Rue Gabriel Péri;48,7950000000;2,3435000000
202200001215;5;7;2022;18:05;1;94;94011;2;9;1;1;Avenue Rhin et Danube;48,7705390000;2,4899380000
202200001216;4;7;2022;10:45;1;94;94028;2;3;1;6;Rue Louis Pasteur Vallery Radot / Rue Pierre Marivaux;48,7893837583;2,4427306652
202200001217;5;7;2022;00:35;5;94;94059;2;1;1;6;avenue de combault;48,8040000000;2,5890000000
202200001218;4;7;2022;14:00;1;94;94059;2;3;1;3;Avenue André Rouy / Avenue Lucie;48,8193600000;2,5579700000
202200001219;5;7;2022;08:35;1;93;93078;2;1;1;1;Avenue Emile Dambel;48,9539700000;2,5489400000
202200001220;5;7;2022;20:25;1;93;93066;2;1;1;6;POTERIE;48,9436000000;2,3475400000
202200001221;5;7;2022;12:40;1;93;93062;2;2;1;1;Allée Nicolas Carnot / Allée de Gagny;48,8905690000;2,5154950000
202200001222;5;7;2022;07:55;1;93;93050;2;3;1;3;Rue Paul et Camille Thomoux / Rue de Villemomble;48,8738196834;2,5297000855
202200001223;5;7;2022;10:45;1;93;93046;2;1;7;6;Allée de l'Est - Parking LeroyMerlin;48,9293400000;2,5561100000
202200001224;5;7;2022;14:30;1;93;93027;2;1;1;6;Avenue Paul Vaillant Couturier;48,9212700000;2,4113000000
202200001225;5;7;2022;13:10;1;93;93010;2;6;1;6;Avenue de la République;48,8950600000;2,4775800000
202200001226;5;7;2022;17:00;1;93;93008;2;1;1;3;Avenue Henri Barbusse;48,9081580000;2,4267790000
202200001227;5;7;2022;20:45;1;93;93005;2;2;1;1;Route de Mitry / Rue Ambroise Paré;48,9494650000;2,5196470000
202200001228;5;7;2022;16:25;1;92;92073;2;1;1;6;SELLIER (BOULEVARD HENRI);48,8647660000;2,2190360000
202200001229;4;7;2022;17:45;1;92;92033;2;1;1;7;REGARD;48,8436543426;2,1834468842
202200001230;5;7;2022;12:23;1;92;92063;2;1;1;4;BONAPARTE (AVENUE NAPOLEON) SUD;48,8767300000;2,1717600000
202200001231;5;7;2022;19:35;1;92;92062;2;1;1;2;BAS-ROGERS (RUE DES) N° 2 AU 38;48,8799580109;2,2311405837
202200001232;4;7;2022;12:30;1;92;92050;2;9;1;1;JOLIOT CURIE F. ET IRENE AVENUE  N°PAIRS;48,8894060221;2,2042828202
202200001233;5;7;2022;09:40;1;92;92049;2;1;1;3;BRIAND AVENUE ARISTIDE N°1 A 129;48,8155000000;2,3258100000
202200001234;4;7;2022;15:20;1;92;92036;2;2;1;3;LOUIS ROCHE (AVENUE) (1/45);48,9210327293;2,3252311349
202200001235;5;7;2022;13:00;1;92;92062;2;6;1;2;ROND POINT DE LA LIBERTE;48,8867718525;2,2451478839
202200001236;5;7;2022;08:45;1;92;92062;2;1;1;2;DE DION BOUTON (QUAI) DU 1 AU 28;48,8760983065;2,2396783233
202200001237;2;7;2022;23:15;5;92;92025;2;2;1;3;GABRIEL PERI (RUE);48,9157486797;2,2324300557
202200001238;5;7;2022;09:55;1;92;92014;2;1;1;5;GENERAL LECLERC (AV.) (1 A 55BIS - 2 A 4;48,7855470687;2,3176895678
202200001239;13;5;2022;20:04;1;92;92002;2;6;1;7;LE NOTRE (AVENUE);48,7691671411;2,3063452989
202200001240;2;7;2022;12:45;1;83;83043;1;1;1;7;route departementale 41;43,2185780000;6,2981000000
202200001241;5;7;2022;15:00;1;54;54462;1;1;1;1;D1;48,6217327480;6,3212156297
202200001242;2;7;2022;14:30;1;62;62275;2;9;1;1;Rue Dubrulle;50,3340430000;1,8748710000
202200001243;6;7;2022;01:10;3;38;38448;1;1;1;6;Route de Glay;45,4351000000;4,8087560000
202200001244;20;6;2022;13:30;1;91;91016;1;9;1;2;Rue Nationale;48,3021380000;1,9923440000
202200001245;21;6;2022;19:50;1;91;91613;1;1;1;7;D113;48,3971170000;1,9920080000
202200001246;5;7;2022;18:55;1;33;33393;1;1;1;1;185 Route de Paris;44,9685940000; -0,2201960000
202200001247;6;7;2022;07:45;1;71;71448;1;1;1;2;AUtoroute A6, Pk 379+110, sens PARIS/LYON;46,3789710000;4,8458720000
202200001248;6;7;2022;00:45;3;972;97210;1;1;3;7;RN6;14,6034040000; -60,9332980000
202200001249;5;7;2022;16:50;1;21;21362;1;1;1;2;A6;47,2234740000;4,5920280000
202200001250;5;7;2022;18:15;1;34;34270;2;1;1;3;M5;43,5939200000;3,8338210000
202200001251;5;7;2022;18:40;1;66;66028;2;1;2;1;D22C;42,6869098001;2,9208478332
202200001252;5;7;2022;09:15;1;34;34077;2;1;7;6;Grand Rue Marie Lacroix;43,6569430000;3,8860170000
202200001253;5;7;2022;16:30;1;56;56251;2;1;1;3;Rue des Sports;47,6289730000; -2,6537080000
202200001254;6;7;2022;15:30;1;82;82102;1;1;1;1;D88;44,0147080000;0,8357010000
202200001255;5;7;2022;13:25;1;82;82005;1;1;1;6;D3;43,7985170000;1,2224650000
202200001256;5;7;2022;16:40;1;65;65258;2;1;1;7;764 Rue de la Lande;43,1070070000;0,3782640000
202200001257;5;7;2022;21:30;3;11;11129;2;1;1;6;;42,9341730000;2,2044650000
202200001258;5;7;2022;14:40;1;71;71073;1;3;1;3;Route du Pont de Paris;46,9186210000;4,7523860000
202200001259;6;7;2022;00:40;3;71;71184;1;1;1;6;D681;47,0127790000;4,3226480000
202200001260;5;7;2022;17:40;1;89;89311;2;2;1;2;Les Michauts;47,7486120000;3,3969480000
202200001261;6;7;2022;07:45;1;49;49205;1;1;1;6;route départementale 768;47,7489910000; -0,5009080000
202200001262;6;7;2022;00:05;5;42;42005;1;6;1;3;La Gouyonnière;45,5228110000;4,2941740000
202200001263;5;7;2022;15:50;1;22;22226;1;1;1;2;Penn ar Vouilhenn;48,7128120000; -3,5252590000
202200001264;24;6;2022;12:23;1;25;25402;1;1;1;7;D437c - PR 09+770;47,3467630000;6,9087030000
202200001265;5;7;2022;19:23;1;29;29031;1;1;1;7;D49 - Route de la Foret;47,7750380000; -3,5428430000
202200001266;5;7;2022;10:10;1;31;31031;2;2;1;3;Rue du Lavet;43,0929080000;0,5854140000
202200001267;6;7;2022;01:30;5;31;31390;2;9;1;6;Avenue de Saint-Gaudens;43,0871731779;0,5756798387
202200001268;30;6;2022;18:45;1;38;38069;1;1;8;1;Route départementale 1085;45,4807610000;5,2920250000
202200001269;5;7;2022;14:55;1;38;38073;1;1;1;7;RD 526;44,9578740000;5,9616010000
202200001270;5;7;2022;18:50;1;01;01163;1;3;7;1;D1;46,4041050000;5,2217590000
202200001271;6;7;2022;08:50;1;01;01125;1;1;1;1;D936;46,2542740000;5,5057380000
202200001272;5;7;2022;14:40;1;26;26083;1;1;7;7;départementale 53;45,2219370000;4,9600700000
202200001273;6;7;2022;08:00;1;58;58062;2;1;7;6;Rue de Nevers;47,0631390000;3,9315230000
202200001274;6;7;2022;08:40;1;50;50142;1;1;1;3;Cosqueville;49,6907460000; -1,4061210000
202200001275;6;7;2022;18:45;1;64;64530;1;1;1;7;Chemin des Tuileries;43,3015870000; -0,7951570000
202200001276;5;7;2022;11:11;1;10;10114;1;1;1;1;;48,5114161266;3,6150423996
202200001277;5;8;2022;11:30;1;14;14437;2;1;1;1;D513;49,1852138720; -0,3140115738
202200001278;8;8;2022;12:35;1;13;13208;2;1;1;3;ANDRE ZENATTI (AVENUE);43,2763400000;5,3825600000
202200001279;8;8;2022;09:00;1;13;13215;2;1;1;3;GAFFAREL (RUE);43,3492500000;5,3594200000
202200001280;7;8;2022;05:30;5;13;13202;2;1;1;2;JOLIETTE (QUAI DE LA);43,3004700000;5,3638700000
202200001281;8;8;2022;17:50;1;06;06088;2;3;1;6;JOLY (CORNICHE ANDRE DE);43,6989200000;7,2938200000
202200001282;8;8;2022;13:30;1;06;06088;2;1;1;5;STE MARGUERITE (AV.) A PARTIR DU 62-63);43,6778900000;7,2145500000